label,text
1,"La voile sur le bon barrowman du navire a été très amusante, et pour mettre la cerise sur le gateau, j'ai parlé à ses parents"
0,"Selena chaque fois que je ferme les yeux avec toi, mais quand j'ouvre mes yeux, ce n'est pas à la vue qui est triste pour moi"
1,"Lorsque vous vous préparez à une fête d'anniversaire de 1 an, pour laquelle vous vous préparez vraiment? L'enfant ou les adultes?"
0,"* Saute dans tes bras * weeee !!! J'ai dû travailler ce week-end, ma chérie, j'ai le temps de faire, c'est travailler et dormir, & gt;. & Lt;"
0,"Oh lordy !! Rhume des foins, maintenant c'était inattendu! Les médicaments non-somnolents m'ont éliminé !! Pas de route pour se garer cet après-midi"
1,La météo est actuellement en ce moment
0,J'aimerais pouvoir aller trop loin. Bleurgh
0,"- C'est mon soldat! Il est parti aujourd'hui, je suis tellement fier de lui! Rentre chez toi en toute sécurité bébé!"
1,"Lol! Votre mise à jour était une description exacte de moi lors de tout événement sportif. Je pense que vous pouvez être psychique, alors, qui vous préoccupe si vous êtes drôle?"
0,Deux pouces vers le bas pour le haut. si triste
0,Toujours pas de signe de
1,"Vient de rentrer à la maison et tellement fatigué! J'ai acheté une belle montre merveilleuse aujourd'hui, yippee!"
0,Ennuyé comme l'enfer au travail !! Craint d'être rétrogradé
1,Merci 4 me mettre dans votre suivi vendredi
1,"Oh homme, je serai là demain"
0,Je dois courir loin demain pour brûler 2 tranches de pizza
0,J'essaie tellement d'aimer les grilles car omfg patience est adorable !!! Mais je ne peux pas le faire
1,Up est mon nouveau film préféré! Je veux un chien nommé maintenant
0,Coups de soleil sur mon dos donc soree (iloveethe sunn bhut = p ~
0,"Au travail, en surveillant la maintenance. Pourrait être ici jusqu'à minuit. tristesse."
1,"Dimanche, appellez-vous bien parce que je sors dehors pour être au soleil"
1,"Oui! Deux projets en bas, uno mas! Bon débarras, procrastination! Tu es une salope"
0,"Aujourd'hui, je me sens faché!"
1,Super bien fait!
0,Hey timmay! Pas de géant ce soir. Toujours au travail amusement sonnnnn
1,J'ai passé une bonne journée ... même si j'ai écrasé ma voiture. Merci à tous les participants de se ranger. Tu es génial!
1,Yay! Si heureux que vous venez!
0,"haleter! Je n'ai même pas suivi l'homme, et je vois qu'il demande déjà un divorce. Votre service de rencontres suce!"
0,"se réveilla. Maintenant, je me dirige vers la porte pour aller à l'école."
1,"Quelqu'un me dit comment annuler une recherche sur tweetdeck, je ne peux pas le comprendre, merci d'avance"
0,J'ai rêvé de toi pendant 8 ans avant même que je te connaissais ... j'ai rêvé de toi depuis 8 ans ..... je t'ai manqué depuis 8 ans
0,& Lt; / 3
0,J'ai été signé pour ym et pas invisible pendant quelques heures. Aucune personne n'a dit bonjour.
1,je verrai!
0,blabla. Pourquoi la vie doit-elle être si difficile
1,J'ai un examen demain ... qu'est-ce que & quot; organisé & quot; Signifie encore une fois?
1,Hey sorry si cela arrive trop tard ... joyeux anniversaire ... n'oubliez pas de vous amuser ce soir ... j'ai eu la date correcte?
1,Les vrais amis vous aident à travers tout et ils sont toujours là pour vous. J'adore les vrais amis. Merci les filles
0,Je vais aller avec bible bashing. Amenez-les tout au long de mon chemin
0,"Je suis tellement fatigué, je n'ai eu que 3 heures de sommeil la nuit dernière mais je devais encore me lever tôt ou me terminer mes devoirs frickin"
1,Je me suis réveillé avec un chat dans mon visage haha
0,Mais je viens d'utiliser la version mono 2.4 .. J'ai borked quelque chose avec aclocal sur mon système ne peut plus construire mono
0,Frotte-le. Je n'ai pas encore compris.
1,"Cela doit signifier que vous avez bien dormi! Lol, alors nous ne devrions nous attendre à aucun incident de café brûlé ce matin, à droite!"
0,Carotter un canon de roue plein de sable / gravier du garage à l'arrière-cour est fatiguant ... et il fait chaud aujourd'hui. Je peux entendre ppl profiter d'une piscine
1,"Si vous ne suivez pas, vous devez commencer ... ils sont déjà dans le spa"
0,J'ai aussi manqué deux amis en particulier. Choix de rite? La fierté empêche la révélation de qui ils sont.
1,"Je dois trouver un moyen avec cette matière électrostatique, change de chleka"
1,"Jour émotionnel! Nouvelle musique des anguilles et jarvis cocker! Aussi: le coup, le pilote aveugle et la pulpe (en train de faire tout ...)! & Lt; 3 emusic day!"
1,Twitter - juste une autre façon de vous persuader!
0,"épuisé. Tout ce que je veux faire est de voir ma famille dans le a, mais je ne pense pas que je serai capable de tellement bummed ... la nuit à tous"
0,": Nan,"
1,"Tout le monde utilise mal e, demandez-vous de l'aide avec des bons-cadeaux! Merci"
1,excellent! Vient de commencer ... voulez-vous envoyer des addys par courrier électronique à jmccabe.com? détails
0,"J'ai manqué mon père aujourd'hui, j'espère qu'il a eu un bon jour"
0,conseils ooooooooooooow
0,A dû dire au revoir à mon père comme 13 heures plus tôt! Aujourd'hui.today.today!
0,"♥ ♥ se sentant étourdi !! (= ♥ ♥ même si la seule chose que je veux vraiment maintenant, je n'ai pas"
1,Elllo vous fait-elle une jeune femme? eu une bonne journée? J'ai eu une belle
1,"Ni Cal aura une cette semaine, je suis sûr! Content d'être bon!"
1,"Trop de bonne nourriture à la fête des mères. Pas que je me plains! Fruits de mer, bouffées durian et macarons! Miam!"
1,Regardant le détective conan !!
0,Allez demander à la famille: |
0,Tellement ennuyé et j'aimerais que le week-end soit plus long
0,Je suis déjà nettoyé partout. je m'ennuie
1,"Je regarde la meilleure scène au crépuscule quand ils jouent au baseball haha, si cool"
1,"Ooh, cool. Je pense avoir vu un clip il y a quelque temps, maintenant je viens à réfléchir. Je sème aussi des éternuements. Dans une large mesure. ;-p"
0,"Bonjour lundi, il ne faut pas travailler !!! monde merveilleux. J'attends avec impatience la classe d'anglais la nuit! Comment venir ?????"
1,Wow 6day school week? C'est lourd! Ganbatte! Et ne vous stressez pas!
0,"2,00 am au revoir !!!!!!!!!!!!!!!!!!!!!!!!!!!"
0,terminé. Plus d'ethnobotanie
1,Parce que l'anniversaire commence à 23h30 dans wiesen ^^ et je dois me laver les cheveux et ainsi de suite pourquoi es-tu si tôt? *confus*
1,"Matin! Oui, je suis passé au guichet de presse en achetant ma copie imprimée du télégraphe."
1,i date both but i prefer femmes
0,Odeur du fait qu'il doit vraiment prendre son blackberry au centre de service pour changer la boule de piste
1,& Gt ;: pub de l'ancienne école! Le commodore 128pc! Haha
0,Tout le monde déteste sur jon et kate !! Je me sens mal pour eux et leurs enfants
0,"J'ai mangé la foutre de banane! Et de la pastèque! Je ne peux rien manger! C'est trop dur, je vais continuer à essayer! Fait toute la journée w / no co ..."
0,c'est dommage. Espérons que c'est mieux bientôt.
1,Essayant de battre. Hahahaha!
1,Finalement fait!!!! 5 heures de photo-shoot !!! Hou la la! Cela brise le record !!! Ma chambre est désordonnée !!!! Je le nettoie maintenant !!!! sensationnel!!!! je suis juste...
1,aujourd'hui!!!!!!! Nouvelle fracture
0,Vous me faites faim!
0,"Retour du club de café créatif, bon rendez-vous à plus tard après l'été"
0,Où est parti l'été!?!?!?!?!
0,Tu peux trouver Tiger ... J'aimerais qu'il vienne pour pouvoir me coucher. Tellement fatigué
0,"Je ne l'ai pas vu depuis le Noël ere comment puis-je avoir le sujet de la conversation, les deux sont-ils des noms lorsque vous faites cela sur un téléphone? De toute façon, toi, mon petit bébé"
0,"Je sors de vous !!! Je pensais que vous deviez travailler! Alors plutôt que de faire perdre ma vie par votre rejet, je n'ai pas demandé!"
0,Épuisé ... et je dois encore cuire le dîner et aller à walmart
1,Je suis en train de lire postsecret.
0,Oh pas chic
1,"Si vous faites attention à mon amant, vous savez que leur chat est appelé marvin et vous vous appelez un tom fan tut tut lol x"
0,"Merci. Nous avons eu des fruits de la passion, pas de melon, je suppose."
0,"Mon petit jardin grandit bien, mais mes épinards ne sont pas encore apparus"
1,"Hors travail, je dois dire, le dépôt à domicile est mauvais;]"
0,Mes téléphones sont sur le point de mourir et je dois être là jusqu'à 10
1,J'ai juste eu un smoothie aussi!
0,"Wow, eh bien, même malade, cela ressemble à une alternative agréable à tout simplement mentir ;-) espérons qu'il se sent mieux bientôt cependant."
1,Le travail était boiteux. Conduire à la maison pour se doucher puis lire
0,"Partie corbins. Il n'y a pas de dj, ce n'est pas dans la ville, et j'ai bien laissé tomber le plaisir du jour. Quelle mauvaise journée c'était"
1,vraiment? Bonne chance à cela. Lol. Est-ce que tu t'embrasses au travail?
1,"Dang! J'oublierais de venir sur Twitter tous les jours, je devrais faire de Twitter ma page d'accueil lol!"
1,"A eu une matinée occupée, se détendant alors, la fête des diplômes de cody & amp;"
1,Hey quoi de neuf
1,"Oh, alors vous parlez de bing sur la part de marché de google dans la recherche?"
0,Je suis tellement désolé fille !! J'espère que l'aileron se sentira mieux. Je sais combien il est effrayant!
1,Je suis sûr que beaucoup de gens peuvent mettre cela au bon usage
0,Vraiment fatigué de cette pluie
0,"Oui, c'est un mot fort, ne le hais pas, mais ne l'aime vraiment pas le plus haut niveau"
1,Téléchargement de nouveaux thèmes pour le site.
0,Ahhh le luxe du déjeuner
0,Veut sims 3! Et os 3.0 pour iphone / ipod touch !!!!! .94.
0,Krispy kremes sont gratuits aujourd'hui et je suis ici et ils sont là
0,"J'ai eu un dîner génial, une compagnie charmante, et j'ai vu une star trek. Ne pouvait pas demander plus. Sauf maintenant, je suis au lit et je ne peux m'endormir."
0,", Ne voyez pas votre dm jusqu'à ce matin, comme vous pouvez le voir sur les tweets d'hier, voyez-vous coûteux"
1,courtiser! Mon grand-père a eu 90 ans aujourd'hui! Pour célébrer il & amp; Mon Nan sort à la soirée du 80ème anniversaire de quelqu'un d'autre
0,"Je viens de rentrer de mon jeu de baseball. Nous avons fait la finale, puis nous avons été balayés après. peu importe."
1,Tout ce que je peux dire c'est deux mots ... ce soir était délicieux
1,Comment est-ce que la vie dans les sœurs? Besoin d'obtenir em n vic sur ceci - je n'ai aucune idée de ce qui se passe!
0,Merci maintenant je me sens mal
0,"Elle ne peut pas l'aider. Elle me poursuit maintenant, et je me suis rendu compte que j'ai laissé mon portefeuille à la maison"
0,"Donc, c'est le premier vol commercial sur lequel j'étais là où l'avion est tellement petit que j'ai le siège de la fenêtre et de l'île - zéro pièce pour les jambes"
0,Yay pour le harcèlement en effet. Sur des bandes défectueuses!
0,Je ne sais pas comment télécharger des photos ici ....
0,Le caméscope est méchant ne enregistrera pas de son sur comp
1,Temps de pudding
1,Les fans de Steeler sont partout. Les gens ne sont que smaand choisissent la plus grande équipe jamais
1,Consultez yaymen.wordpress.com
1,Elton est-il venu pour le thé?
0,Simplement ne pas charger! Dit 'uri too large'
0,Triste que nadal ne joue pas à wimbledon mais heureux de se détendre avec le bff tonite!
0,"Je vois, mais peux-tu écrire un petit peu anglais? Je ne comprends rien dans votre page"
0,Le petit ami est malade ... pas de piqûre puis ...
1,"Il est réinitialisé maintenant, alors je vais bien"
0,Désolé mais meg et moi-même et peut-être que katie ne peut pas le faire aujourd'hui. Maman a promis à Thomas que nous allions voir.
1,Juste pour rentrer du volleyball
1,Pour fêter mon anniversaire
1,J'espère que je gagne les billets de jb concein madrid
0,Est allé aux temps aujourd'hui et n'a vu aucune mini fraise.
1,"Haha, oui ... les gars sont encore occupés. Aujourd'hui, c'est une très bonne journée, assez chaude et toujours ensoleillée et je suis assise à l'intérieur de haha"
1,"C'était un tel encouragement à rester dans la lumière, d'autant plus que l'obscurité ne peut pas la surmonter. Réveillé, dormeurs! Merci"
0,"Tellement fatigué! Je vais nuh-nights noww! Muma était malade, alors j'ai joué de l'infirmière pour elle. Elle avait 2 ans pour aller à nine shift-pauvre maman"
1,Eatsleepdraw: devine qui. Souhaite-moi de la chance dans mon travail d'entrevue demain. Bonne chance et c'est génial!
0,"Lol, alors tu me manques aussi!"
1,Bill Maher: la sage latina de Sotomayor & quot; Femme a provoqué ppl comme limbaugh pour sortir et prouver son droit
0,Mais alors je retourne travailler pour fermer
1,Aweee yu dit britt était cuteeeeee lol mais yahh je pense qu'elle est aussi
0,Il est 10:55 ... toujours pas d'ordinateur ... ma batterie iphone va mourir.
1,"En accueillant les commentaires, les améliorations et les comparaisons pour ... nous voulons faire mieux, alors soyez franc avec nous"
1,Fireworks cs3 ... c'est plus comme ça!
0,Est-ce que beaucoup de personnes * encore * utilisent ie6? Yikes
1,Devinez ce que j'ai trouvé des anges et amp; Démons au cinéma !!! Mardi prochain demain
0,Mon traitement de texte ne fonctionne pas. Alors je dois taper cette merde dans un courrier électronique stupide.
0,Le ciel est un bloc de gris et il commence à pleuvoir.
0,"Je me suis assis et regardé une série de collines aujourd'hui, c'est ce qui se passe lorsque votre ps3 se brise et qu'il pleut!"
1,"C'est dur, toutes mes robes de chambre ont été des cadeaux de Noël! Aller pour quelque chose de doux!"
0,J'ai découvert hier que delphi me vave de sortir du salaire de séparation que je reçois quand ils ont éliminé mon travail plus tôt cette année.
0,"Opera 10 avec turbo activé est un diable beaucoup plus rapide que safari 4 .... Désolé, Apple"
1,vient de se réveiller! Ahhhhh se sentir bien !! N'avait pas pu dormir comme ça en mois !!! Bébé devait aller au travail Faire mon mula lol
0,"Mec même je vous l'ai souhaité hier soir, mais vous ne m'avez pas remercié."
1,"Donc bien, et parfois difficile!"
1,"Éviscéré aux ennemis, ces garçons sont les meilleurs"
0,Je viens d'annuler mon compte Friendter.
0,"Aww, mais je veux connaître hmph."
0,Est-ce qu'il est bon de pleurer quand vous tombez en courant pour le bus et vous coupez les genoux et la main en morceaux?
1,Mmmm l'odeur de la pelouse nouvellement tondue - je dois faire que ce garçon soit bon pour le déjeuner (dh - jardinier? Je le souhaite) lol
0,Trop chaud pour frapper les balles de golf ...
1,"Shaun n andy les gars sont plus gentils avec bradie, il est tellement mignon que je digg sa douce personnalité! Xox ilyy"
1,Peut-être la meilleure utilisation pour vos pois
0,"Lou dantzler charter, c'est faible af, mais, merde trynna fait de l'argent & amp; Qu'est ce que tu n'es pas"
1,Je travaille fondamentalement et je fais de l'exercice et je m'entège avec la nourriture. Comment vont les choses pour vous?
0,Joyeux jour du père au père le plus cool et au grand-père r.i.p. La vie n'est pas la même chose sans toi
0,"Merde! Vous allez être au michigan aujourd'hui, au palais avec keith urbain! Et je ne peux même pas être là. tristesse..."
1,Taryn- j'ai eu le boulot! Merci! :]
1,"Tout le monde suit l'amour de leur musique, grand groupe!"
0,prêt pour le week-end? M.a.c n'a qu'une vente comme 2 par an.
0,Je veux jouer aux sexbuches
0,Un bus avec la chaleur en juin. Oh mec
1,Merci pour le FF & lt; Followback
1,"Salut, je souhaite que je sois là, je suis là dans l'esprit! Danse avec l'asie pour moi."
1,"Les larmes sont bonnes, le nettoyage de l'âme et de l'âme; Juste devinez que le mien avait besoin d'un bon lol c souple maintenant je suis ok et amp; J'espère que vous 2, jody et tout"
0,non! Vous m'avez confondu! Haha. Qu'est-ce que tu racontes? Je suis ennuyé et seul. Scurry me parle de Poo.
1,"Yay, très excité pour le camp rock deux quand est-ce que vous stafilms alors? X"
1,"Au moins, le soleil a l'air d'être accroché pendant un moment, il sera plus doux pour l'attente, j'imagine"
0,"Explorer la ville seule! Bon, j'ai amené un ami à voyager. Je vois la stratosphère!"
0,J'ai été chargé de £ 13 pour absolument rien
1,"Gee, merci pour les forêts comme. Je me suis tous dérangé cette belle matinée, vous n'êtes qu'une richesse de liens!"
0,Premier jour de pères sans mon grand-père .. je vais le visiter aujourd'hui ... amertume
0,Je me suis endormie et maintenant quelqu'un joue au téléphone
0,"Trop mauvais, je n'ai pas fait une priorité 2 adresser mes cheveux durs tout au long de cette période, j'ai parlé de le faire ..... résultats de la haine et de mon travail"
1,Bonne chance et soyez brave ..... jol !!!!
0,Dernier jour à ecija à la maison demain soir
1,Consultez le lien du site Web - c'est de - bonne cause
0,"Je déteste les faux que j'ai achetés ... Ils ont l'air bien, faux. : C aimant le nouveau sac que j'ai acheté, je suis déprimé."
0,Ne veut pas que son week-end de récit de danse finisse
1,Im dans ij maintenant! -
1,"Cuisinier à la coquille de crevettes, boire de la bière et se faire passer pour rencontrer les garçons plus tard"
0,L'hiver est là - temps froid
0,Genre de me fait envie de le laisser mes filles rentrer à la maison à 14 heures donc devrait être ok
0,"Ahh, but ne fonctionne pas"
0,"J'ai passé une très bonne nuit, mais je souffre vraiment ce matin, me sentant plutôt fragile"
1,Ne peut pas dormir. Vous savez que l'été arrive lorsque vos modèles de sommeil changent!
0,"Argh! Comme un geek, cela me fait pleurer à l'intérieur - mon oncle exécute Windows 98 et chaque fois que sa carte de caméra est pleine, il achète une autre."
1,"Looool mec ... dans quelques semaines, la campagne commence ..... j'ai un plan fou tout sera révélé bientôt"
1,"Yay - dimanche au diner rôti, mon préféré, je déteste manger de la viande:"
1,Obama vient ici (Egypte) 2mrw
0,Je ne sais pas pourquoi je déteste Niley !!! J'essaie de les aimer ... mais je ne peux pas
0,"D'accord, cela a du sens. mais je dois y aller maintenant. donc, au revoir."
1,Boire un coca sur un fast-food dans le campus étudiant de Timisoara. belle vue
1,Nous sommes en train d'avoir une onde de chaleur ou suttinn haha ​​x
0,Je n'aime vraiment pas le regard de mes yeux
0,Il est impossible de penser à la tête parfois.
0,Mes pensées exactement ... maintenant ils ont juste effing ont marqué ... génial
0,Je dois me lever à 6h30 demain pour dance comp
1,Le bateau qui a basculé est un bon film
0,"Ne peut pas surmonter combien je humy foot obtenir dans la douche, meurtris, gonflé n couper les jours pas heureux"
1,pense SPACEJAM trueee est un classique!
0,"Ce qui suce aussi, c'est que j'ai tordu ma cheville en faisant cette vidéo! Ces vidéos mk sont tellement difficiles à faire"
0,"Semble vraiment calme ce soir ... je suis jaloux de ceux qui ont clairement une vie plus excitante que moi au lit, je pense ..."
0,"La merde, nous allons au milieu de nul part pour quelques semaines, je suppose que c'est bon, mais je n'ai aucun camarade"
0,"Ouchie, ma cheville fait encore mal"
0,"se préparer pour le travail. Bus manqué, devra prendre un taxi"
1,J'ai maintenant un bon déjeuner maintenant
1,Sans titre: titre: secrets et vérités pa3 de 5 auteur: blumvale moi rating: r / m juste pour être sur le bon côté ...
1,Se rend compte qu'elle publie seulement sur Twitter sous l'influence ... sauf en ce moment.
1,Ouais! C'est la deuxième fois que je le vois! Est-ce que c'était amusant de travailler avec Miley?
1,N'oubliez pas de signer la carte
1,"Ha! Je suis un idiot, je viens de payer du gaz, je suis sorti de ma voiture et je suis sorti sans pomper mon gaz ... je me suis senti doux quand je suis retourné"
0,"Agh !!! L'examen final des statistiques était, bien ... beaucoup de mots inappropriés. Très frustré d'envoyer le courrier électronique du département. !!!"
1,Je reçois le tatouage des héros sur mon pied heehee (via) - je vais l'obtenir sur mon arbre
0,Aww. Tant que nous n'essayons pas de griller sous la pluie.
0,* Attendez-vous dans le cou du bois? La lune de Brooklyn est toujours lente comme la mélasse ....
0,"Je suis dans mon jardin, bloqué"
0,Tant pour le soleil encore un autre jour d'ottawa pluvieux
0,Commence à devenir triste. Je vais manquer ces petites choses.
0,Est rentré de l'école. Je suis tellement épuisé.
1,"Spiffant mon compte Twitter. C'est ma première fois ici, sois sympa"
1,A ramassé certains lors du dernier voyage. les aime
1,Tweet pour que certaines personnes parlent sur les forums!
0,"Mec, vous êtes en avance tôt! Je suis désolé pour le lancer."
1,C'est des félicitations passionnantes sur le 1 heure et amp; 20 minutes de cardio
1,"Roumanie, après le démarrage ""agile"" atelier"
1,"Ok cool, alors ne veux pas aller à l'école demain: | Je deviendrais crépusculaire demain yay!"
0,"Je suis désolé, je déteste quand cela se produit, vous pensez trop dur"
1,C'est étrange bc je n'ai pas eu cette dernière
0,Aller chercher une course pour se débarrasser de ce terrible sentiment. Je suis énervé de cette merde.
1,- aimer votre sourire!!! Je me demande qui est la personne? Lol
1,Ohh yay ils sont liés à l'aperçu
1,Vers le bas de 14 lb ... très fier de moi
1,Hmm .... empilant votre tenue Camden
1,Yay le week-end est ici souhaitant à tous un week-end amusant et relaxant. Retour à la pêche beaucoup de poissons hauts 30 dans mon cou du bois
0,"Le mal de tête, pas amusant, n'est pas amusant"
1,Faire des gaufres à la mi-chemin avec et erin?
0,"Je viens de revenir de l'aviron, je suis tombé dans la rivière ... encore une fois"
1,"Mon plan d'enregistrement a été annulé. Dieu merci, j'ai prévu une autre chose pour ce soir. Le nouveau plan de jour comprend la lecture de 2 films Stargate."
1,"Haha, vous avez raison! Désolé à ce sujet, doit avoir lu mal. Oui 2010 4cc tenue en kored, 2011 tenue en taipei chinois"
1,lundi matin . Permet de dégager un code aujourd'hui
0,Aucune connaissance stupide de ww2 ne prend la relève! Tout ce que je peux penser est un mec qui achète un sandwich et ensuite le tir! inutile! X x
0,"Ugh mann, j'ai été à l'hôpital comme 3 fois par semaine, les infirmières sont méchantes !!!!!!!"
0,"Le droit d'auteur des accessoires est tenu par la première ligue, donc je pense que n'importe quel calendrier devrait venir d'eux matt"
1,& Lt; 3's quand mari n'a pas à travailler samedi - il dort toujours
0,Nope ... j'ai essayé moi-même et ils m'ont parlé en rond pendant 20 minutes et j'ai essayé de me mettre à la vente pour acheter une nouvelle copie
1,"Goldfrapp et à l'intérieur de la tentation ce soir, grondez-vous!"
1,En commençant une nouvelle vie. perdre du poids. Me faire monter et commencer à gagner de l'argent. F / ck la crise.
0,Je ne peux pas trouver mon ipod et je l'ai eu il y a une heure
1,"C'était une très bonne journée, j'ai patiné 4 environ 3 heures aujourd'hui."
1,Joyeux jour de la mère à tous les mommys là-bas
1,"Lol ... j'espère que tu ne te couche pas sur les lakers! Et encore j'attends un échantillon de vos aliments, chef!"
1,La nouvelle lune est incroyable. 20 novembre 2009.
0,C'est comme 11:40 et je suis fatigué comme baise et je vais m'endormir juste parce que je n'ai pas de téléphone fuckin! Je ne peux pas vivre sans texting
1,Quelqu'un me demande directement de suivre moi les gens
1,Boire du thé chaud ou de la menthe fraîche Rasa ou de la citrouille au citron chaud yum ntar maux de gorge throatnya aga berkurang dikit
0,"Fait la peinture, je dois me préparer à un autre tournoi demain matin, alors la prochaine étape est plus de peinture lol ... quelle vie"
1,"Richmond! Je viens d'arriver ici, joliment pompé. Je serai près de toi pour l'instant"
1,- hahaha! te souviens tu? bons moments!
1,moi aussi. En attente de certaines tâches à affecter
0,Otay calvin & lt; 3
1,"Haha ouais. Mais je l'ai vu, et nous avons parlé"
1,Dites-moi si c'est bon
0,"Retour à amerika boo est terminée, juste des douanes et un vol vers Dca à gauche."
0,Perdu le numéro de laly
0,Comment Rusca Becca ne me charleston pas
0,Cela me rappelle que nous vous avons envoyé un email sur votre api et que nous n'avons pas eu de réponse ^ j
0,J'ai eu un mauvais rêve la nuit dernière que mon chien est mort. A dû se réveiller et Serre-le.
0,"J'aime petit rock & amp; Tout: roomies, appartement, bière. Je manque mon garçon"
0,"Aurait aimé venir à cmk cette année, mais n'a pas fonctionné avec nos plans de voyage"
1,"Poches chaudes et amp; Pop tarts, c'est ce que nous avons eu pour le dîner. Ressemble aussi à une équipe de radio du matin"
1,"Mon goût dans la musique varie du rock classique, du pays, de l'espagnol, je me suis fou d'amour 4 maison ... nt jus neo soul all bout da mood, si?"
1,Il suffit de configurer un paof les feux de plafond sans aucune aide
1,Eric in foils = génial
0,"Est demain vraiment lundi? vraiment? Oh mec, ça suce."
0,C'est comme ça que c'était censé ressembler mais ils l'ont changé!
1,"N'est-ce pas génial! Une excellente façon d'obtenir une dose de mots positifs. Bien qu'il faut dire que vous aimez vous asseoir avec dyer, hay, et al"
0,Je veux vraiment voir le kasabian au projet eden le 4 juillet! J'ai juste besoin de quelqu'un pour aller avec
1,"Hier, nous avons beaucoup amusé et d'autres amis au cinéma! Et tellement nerveux ...: s haha, nous regardons 3d et puis nous"
0,Toujours coincé à skl! je veux rentrer chez moi!
1,Beaucoup d'énergie nécessaire pour cette semaine!
1,"Ok, je pense que je suis tout à fait parti! Twitter @ ya tout demain! Passe une excellente nuit!"
0,Est la nuit dernière au travail ... triste
1,"Vous nous rendez envieux à dessein, n'est-ce pas? Je viens de passer de 2 à 4gb récemment"
1,Je ne comprends pas quel est l'affaire
0,Lmao .... power rangers cependant ... toujours aussi faux que jamais! ... je ne veux pas aller au travail c'est trop gentil
1,"Lidl est bon, mon mec aime qu'il ait jamais regardé ça haut? Il est même plus amusant, il semble qu'ils veulent sucer les uns les autres"
0,Tous les deux ont une toux et ils me reprochent 4 tht
0,La pizza de la nuit dernière n'est pas d'accord avec moi ...
0,En route vers miami ... pas de café cubain ce voyage cependant ...
0,Avait un sommeil si agité. Peut-être parce qu'elle vous manque tellement
1,"Hfy! Hfy! Hfy! Lls je te sens! La prochaine fois que je suppose, mais nous n'avons pas verrouillé à droite?"
0,La moitié des skools disparues et il n'y a plus que 50 pheps à gauche
0,Wow est un sujet de tendance et de certaines personnes le spamment encore et encore
0,"Continue d'avoir des délais d'attente de la boutique d'applications, pas de nouvelles applications iphone pour moi aujourd'hui"
1,ça a fait ma journée. ma semaine
0,"Ouais ... prenant une autre classe. Oui, j'ai essayé de proposer un concept ou un produit, ce qui ne se passe pas"
0,"Je ne peux pas croire que c'est ma dernière publication sur Twitter, je t'aime tous de ma manière spéciale xxxxxxxxxxxxxxxxxxxxxxxxxxxxxxxxxxxxxxxxxxxxxxxxxxx"
1,Pour voir le neveu. Je soupçonne que la dame voudra un «aller» sur lui. ; P
0,"Je déteste être bronzé et méchant 2 mardi, je ne peux pas attendre"
1,Je suis à la recherche d'argent ^^
1,"Dormir .... oh les pingouins j'aime les jeux que vous jouez ... de cette façon, nous pouvons élever la coupe en detroit ..... c'est génial !!!"
0,Nah. Il n'est pas encore sorti. Je ne pense pas que ce soit ce week-end non plus. Ima mega triste.
0,Regarder 'vu ii' seul dans mon salon
0,Mon pauvre dieu fils ian a obtenu son premier ensemble de points ma pauvre bubba!
0,"Ne pense pas que ce temps va être génial pour l'été ... j'aime la pluie, mais pas pour mes vacances d'été!"
0,"Je commençais à crier comme un petit fou, quelque chose était dans ma maison, avec la porte ouverte, et pourtant tous les ppl à l'extérieur m'ont ignoré"
0,Yah - et c'est un problème pour moi
0,Je vais devoir utiliser ma manche ...
1,"Bonne nuit, tweeters! J'ai vraiment apprécié avec twitterberry aujourd'hui, voyez-vous"
0,Mais il faut aimer le week-end de 3 jours.
1,Flashback: présentation du travail phd toute la journée
1,"Si je passais plus de temps à la maison, je pourrais aller à la salle de gym, je pense que je vais devoir attendre jusqu'à ce que je puisse obtenir un plus grand bureau @ mon cabinet"
1,() Zut. Le jeu n'est pas terminé pour une autre heure et demie et les niggas font déjà des prédictions? Ferme-toi. OK bonne nuit
1,Merci pour le suivi! Je vous en suis reconnaissant
1,"Il a été enseigné dans mon école élémentaire. Dans les assemblées scolaires, nous avons chanté cet hymne en plus de l'un national"
0,Aller aux paramètres ... image et naviguer id ne m'a pas laissé changer le mien regarde ce qu'il m'a mis
1,Continuez à oublier de vérifier mon Twitter!
0,"Je fais cela aussi, car il faut que je me lève à 8 ans pour l'école tous les jours"
1,"Oui et je vois certains de mes amis de l'Uni. Qui vivent dans otown, alors oui, oui, bon."
1,"Hmm, chocablog semble être soumis à une attaque soutenue de Stumbleupon ..."
0,"Avec des journaux lincoln maintenant. Oh, la puissance est de retour maintenant. Temps de faire l'école"
1,Assis au soleil avec une boisson aux poires
0,Histoire de jouet 3 et voitures 2? L'effet de disney possédant pixar. Espérons que ce ne sera pas directement à la qualité DVD
1,Manger des restes de nourriture chinoise d'hier - décadent.
1,"Mange de la soupe! Haha, je mange beaucoup"
1,"Une journée à la skool, commencez à jeter des ballons d'eau au jrs lol puis à un pique-nique senior, donc pas d'apprentissage réel en cours et c'est ce qui se passe"
1,"Juste fini de jouer au volleyball à la plage maintenant pour se faner Hamberger ... Bon, oui"
1,Pensé que vous pourriez l'aimer voir qu'il n'y a pas de viande
0,Je ne pense pas que je serai capable de passer au champ blanc
1,A obtenu lou à côté d'elle et le voyage est sur le point de commencer!
0,Avis de chaleur étendue se demande si nous sommes à la prochaine
1,"Ohhhh, boiteux. Je suis arrivé 15 minutes plus tôt et je suis arrivé à l'horloge 15 minutes de retard si cela a du sens."
0,Je suis très grosseur! Énervé faché énervé ennuyé
1,"D'accord, je serai là-bas!"
1,"Y n t m, a chanté n? M s? Th? Y ti? T m? C tr? N tinh twitter tr? Je suis en train de t'es-tu? Je suis un quiz m  c ?? i c c ng ch a"
1,Qui vivent?!?! je m'ennuie
1,En écoutant 'rodeo' par sido et peter fox: verrrrrrry nice
0,On peut s'attendre à ce que plus de ce texte parle lorsque le prélèvement du message texte arrive
0,Une mer de lumières à la fin d'une personne.
0,"Gah, merci à kobe, je ne peux pas obtenir sbux ce matin. Haha"
0,Haha. Ca c'est drôle. Je manque de vous voir tous les jours! J'ai déjà oublié 5ème période!
0,Mais je voulais vraiment dire surtout les ours polaires
0,"D'accord, aller au prix des remplacements revenir bientôt, me retenir. Reste concentré, reste inspiré !!!"
0,Et nous battons mmmbop sur son ipod! J'ai commencé à applaudir le style de dollars et elle ne l'a pas compris
0,"Aimerais assister au concert, mais vous n'avez aucun spectacle près de Panama City, Fl"
0,Gots un mal de tête et beaucoup de choses à faire disparaissent les maux de tête
1,félicitations!!!!!!! Si vous avez besoin d'idées musicales ... n'hésitez pas à m'inviter pour un temps de consultation ...
1,"Je veux dire ""hi"" À cela aussi! Choco-love"
0,A aujourd'hui des dents très sensibles
0,"Ma mère et mon Papa tous les deux au travail, mais moi et moi, nous serons là ... nous pourrions faire quelque chose plus tard aujourd'hui"
0,"80 adeptes, merci! Je vais maintenant faire du toast ... aller à tesco ... voir becci ... dormir ... alors collège, amusement"
0,La pluie en ce moment me rappelle que l'heure de l'école approche vraiment ... et je n'ai même pas encore mon programme
0,"Sortir de ma voiture, mon voisin dit avoir une soirée de jeu pour venir ... oh pouvons-nous l'avoir @ votre maison, l'air ne fonctionne pas ici"
0,"j'espere! Mais je ne pense vraiment pas simplement lire que jon est lookin 4 apt in nyc, et ils ont passé leur 10 anniversaire à part!"
0,"J'ai apporté des lunettes de soleil polaroid furore (italien) de l'aéroport international de Bangalore, les ont perdues"
1,Vous êtes vraiment une femme dépravée ... c'est un plaisir de vous connaître!
1,Et a changé d'autres choses encore!
1,"Hey, si j'étais célibataire, ça serait plutôt doux! J'attends avec impatience les conversations amusantes"
0,"Je m'en vais, mais je ne peux pas sortir là-bas .... je travaille jusqu'à 9 heures jeudi et amp; Doivent être de retour au travail à 10 heures du dimanche."
1,"Quoi qu'il en soit, incluez-moi, plox?"
1,Va le vérifier ...
1,"Oui, mon iPod est en mode Shuffle"
1,Bien sûr - à quoi voulez-vous des commentaires sur
0,Yay! Finalement entendu parler de lui ... puis perdu notre connexion. Lol. Il semble encore malade. C'était génial d'entendre sa voix à nouveau.
0,Je le veux ou je veux au moins savoir où il est: / x
0,Awww. Il est si sensible. J'aime cuisiner. & Lt; 3 j'étais censé le voir en août. Mais nous n'avons pas d'argent.
0,Ughhhhhh. . . . . Un de mes petits hommes n'a pas encore plus longtemps
1,"Enfin, je me sens beaucoup mieux! Il ne faut pas trop avaler, mieux ne pas penser à ça pervertiément, empêchez-vous! Lol"
1,Salut ken! A bien regardé votre blog ... j'aimerais vous poser quelques questions! reviens-moi! joyeux samedi!
0,"Ennuyé à la maison, il pleut"
1,"Gelli, regardez notre photo de profil!"
1,Ok entretien du magazine. Vérifiez-le. J'adore ça
1,J'aime la semaine des années 90 alors que je me redresse
0,J'ai oublié d'apporter la tarte de ma mère au travail. Pas de bonbon pour moi aujourd'hui
0,"Je ne l'ai pas encore entendu, j'écris dans nyc maintenant, mais je suis de retour dans ldn avec moussa en juin, alors je vais le vérifier."
0,J'aimerais être là pour le voir
1,Ok noté dans le livre de date lol
1,Je suis déjà dans le 20ème épisode?
0,"Ivre dans mon village, j'attends pepe pour aller au pub Regi pendant que je regarde la noria"
0,Quelque chose est techniquement faux avec Twitter. Devrais-je attendre jusqu'à ce qu'ils le réparent
0,Essayant de télécharger une image!
0,Rip wobbly bob dec 2004 - mai 2009
1,"Hey! Vous aurez une autre chance de les voir, je ne m'inquiète pas!"
0,"Je ne suis pas impressionné, j'ai eu 3 heures de sommeil et je me suis levé tôt (pour moi) pour rencontrer des amis pour les Nandos, puis découvrir que Antwan est en retard"
1,Mijote la femme
1,Finalement fini de dessiner edward & amp; amp; Bella .. yayy !! Fier de moi * sourire * .... gâteau & amp; twilight avec ma petite soeur dans un peu ...
1,Merci pour tout ce qui suit
0,"Eh bien, pas vrai, le dernier trimestre a été pire, la qualité du programme mba du navire doit être réglée,"
0,Regarder les blazers se faire exploser
0,Je n'ai personne pour me ramener à la maison
1,"cher Dieu. Faites-le pleuvoir demain. Les orages seraient également appréciés si possible, mais ils ne sont pas essentiels. Je vous remercie"
1,"Pas beaucoup ... étant dr.phil pour mes amis maintenant ... vous? Chanceux, il est nuageux et froid en Norvège .."
1,Dans le bureau de danse avec les freshmannnnnnns
1,"Mes mains sont chaleureuses, merci pour les gants."
0,"En regardant les aigles à l'extérieur, je ne veux pas être attaqué par eux aujourd'hui"
0,"Et désolé, je t'ai manqué. bon temps."
1,Woah! Adam lambemight soit un vampire pour le nouveau film crépusculaire? agréable.
0,Je suis prêt pour mon voyage à ma ... je ne veux pas partir!
1,Il n'y a aucun moyen d'arriver ici. Suppression de ceux qui sont toxiques joyeux anniversaire gonzywonzy & lt; 3
1,Bienvenue dans le service météorologique du Weather Weather. Profitez du bon temps et prenez un parapluie pour le mauvais temps
1,J'ai adoré la vue du clip pussycat dolls hush hush hush
1,Ha! Et c'est méchant! Comme la lumière s'est réfractée d'un cristal. Ou une couverture d'album rose floyd.
1,Ne peut attendre que les examens soient autres
0,Je suis en retard pour la répétition de mon chœur à nouveau! Lolz.
1,"Je t'aime & lt; 3 je t'envoie des salutations de buenos aires, argentine"
0,"Je viens d'acheter le pack 50 et jusqu'à présent, seulement 4 sur 10 ont fonctionné. Ces dvds"
1,Vous devriez regarder mon myspace.
0,"Une course de 10 milles s'est transformée en une douloureuse promenade de 2 milles ... la cheville droite a donné, courbé de 90 degrés et plus ..."
0,Alors je parlais à un gars mignon et je riais et je me suis fait un accident et j'ai essayé de le couvrir et j'ai échoué.
1,"Comment les gens ne peuvent-ils pas suivre le Roi Rooster de tous les coqs? ""Oh, de cette façon, la folie se trouve ... & quot;"
0,"Si seulement nous étions vraiment si chanceux, hein? Et awh certainement trop tôt pour le travail."
0,je devais travailler. J'ai dit à mon patron la semaine dernière que j'avais besoin du jour de congé. Il ne l'entendait pas. J'aimerais vraiment avoir assisté.
1,Je ne veux pas vous dire que vous ne pouvez pas le faire. Lol
0,Aller dormir même si je ne pouvais pas jb mon iphone
1,"Je ne peux pas attendre le samedi soir, je me suis envie de porter mon corset"
0,Qu'est-ce que émerveille?
1,"héy! Oui, pour sûr, il faut que tu me fasses. C'est génial et j'attends de le revoir"
1,"Session complète! Elle était tellement petite et amp; trooop mignon! Maintenant, pour nettoyer ma maison avant que mes beaux beaux-parents arrivent."
1,C'est parce que je suis plus cool
1,Je me prépare pour la piscine ... !!! Rien de mieux que de nager dans cette onde de chaleur insupportable ... !!!!
0,Je vous le dis plus tard ... c'était simple pour les officiers. J'étais misérable
0,Il est trouble dans richmond aussi jock & quot; survivant d'âme & quot;
1,"Haha .. parlant de nouilles à la soupe, qu'est-ce que l'on déjeune?"
1,"Faisons le! Une fois que je découvre l'horaire d'été pour la classe / le travail, je m'inscris"
1,"Lors du concert des filles à haute voix, le lendemain. Tellement excité xxx"
1,"Les coupures de courant tout le matin, elles semblent maintenant stables"
1,Woohoo! Cours suspendus!
0,"Avec Twouble Wit Twitta, je me suis inscrit pour obtenir des mises à jour de téléphone, où ils se trouvaient?"
1,"Je suppose que je devrai trouver une autre raison de le faire, alors lol!"
1,Bonjour tout le monde !!! Ahhh est si tôt et j'aime ... penser à aller à la plage et à courir ... j'adore que je vis si près
0,"Awwww..e manque de flocons ,,, c'était mon chien ... il a craqué dans ma chambre chaque fois qu'il était énervé @ moi ... lol, oui, il avait ta go! Maintenant je veux le promener"
0,"Yup, la vie vient juste de se mordre parfois"
1,"Jus a eu un moment bizarre ,,, moi, vous parlez de mcfly n dfs conseils sur"
1,Il va être 28 degrés aujourd'hui c'est chaud pour l'Angleterre! Hahahaha
1,"Merci beaucoup pour la mise à jour sharon! Fantastique, nous pouvons suivre vos tweets! Des nouvelles sur le 1er single? à votre santé! Mathias"
1,Je vais cuisiner des cookies
0,non! Vous ne pouvez pas aller
1,Je pense que nous avons tous été ce mec. Oui; Le grand ours est beau. Il faut revenir en hiver.
1,C'était génial (Amandapalmer live & gt;)
0,Ramener les parents à l'aéroport. Papa a des palpitations ... je les conduit de l'aéroport l'er.
0,Allons-vous dire bonjour ??
1,"Le stage d'ogilvy est une sorte de buzz de quelque façon, va écrire quelque chose ce soir"
1,Mille excuses tweeple ... c'est le lien
1,Aller postale?
1,"J'ai menti, mr itunes. Je t'aime xo."
1,J'espère que tu vas bien et que tu te sens mieux bientôt
0,Je manque déjà et chalula
0,"Je sais mes impressions aussi, c'est une légende, j'espère qu'il est dans la prochaine série"
1,En regardant wwe smackdown parce qu'il n'y a rien pendant l'été
1,"Ils sont pour ma maman, je fais cuire jusqu'à tard et je crains que le mélangeur ne dérange les gens."
1,Je vous hais toujours si cela aide tout
0,"Triste d'apprendre que le chanteur kenny rankin décéda récemment, 69. J'espérais toujours qu'il se rendrait en Hollande un jour,"
0,Bien s'endormir avec tout mon maquillage la nuit dernière
1,Merci encore pour le ... et comment allez-vous?
1,-pl z ne m'arrête pas de me suivre-mal mise à jour en anglais
1,"Et rappelez-vous la différence, vous ne pouvez pas faire de mal et vivre. Terry pratchett a dit cela et il était juste à mon avis."
1,tout juste marié
0,Toutes les discussions sur toronto dans mon bureau me font passer un petit jour
0,Retour à Chennai ........ donno quand je serais hors de ce trou ....... voyage à srikakulam était intéressant
1,Idée de nord dans une heure
1,"Hehe, oui. Décrivez l'itinéraire avec un détail minutieux en moins que tous les personnages qu'il soit ... en amont, en bas de la vallée, au passé, etc."
0,"Moi aussi, j'ai tellement faim. Je vais me régaler ce soir! Mmm .. nourriture ..."
0,"Le chat du clavier est mort, je n'ai jamais su que"
0,Rien à faire et il pleut dehors boohoo pour moi
0,Hmm. Spaghetti pour thé | Vip at jetty surf; p | Les devoirs à faire ....
1,Surfer sur le Web avec un ps3. Se sent étrange en utilisant un contrôleur pour tweeter ceci
0,C'est plutôt ennuyeux ici maintenant
0,Surcharge de crampes
1,"Fille, je vous le dis, votre jardin est un havre de carnage!"
1,Goodnight twitter et joyeux anniversaire va bien dormir maintenant. Le café de 9 heures passe en quelques heures
0,toutes nos félicitations ! Vous avez terminé un mois plus tôt que nous. Booo
0,"Boogi, la vie après que les gens disent que toutes les vaches laitières dans les États-Unis vont être tristes quand les gens meurent"
1,Au Dr. Bureau pour vérification!
0,Je ne peux plus avoir de fientes à votre maison
1,Temps de mimis! Carne asada était une bombe ce soir et j'adore mes amis. Ils disent les choses les plus dures lorsqu'ils sont ivres
1,"J'adore tes tweets, tu as toujours de bonnes choses qui te font vraiment réfléchir et c'est tellement vrai, merci!"
1,Merci. Je vais vérifier. J'ai oublié que Ryan fait ça.
1,Cela m'a presque étouffé sur l'eau lol si génial
0,"Homme, j'aimerais avoir sauvé l'autre moitié de mon sandwich au club du déjeuner, pourquoi il fallait qu'il fût tellement chaud à l'extérieur"
1,Je voudrais épouser quelqu'un si cela signifiait qu'ils pouvaient rester.
1,"Si vous êtes en mk, alors passez la commande pour le soleil, je me dirigerais bientôt."
1,"Noir comme dick lol. Brille aujourd'hui ... garçon, j'adore les gens du pays."
0,J'aimerais pouvoir le faire ... nous nous sommes réveillés à quatre grr ... je suis gonnatry et fais quand je reçois bck dans la salle alors
